{"cameraMode":{"drawMode":0,"name":"Shaded","section":"Shading Mode"},"sceneLighting":true,"audioPlay":false,"sceneViewState":{"showFog":true,"showMaterialUpdate":false,"showSkybox":true,"showFlares":true,"showImageEffects":true,"showParticleSystems":true},"in2DMode":false,"pivot":{"x":25.067874908447267,"y":10.538188934326172,"z":34.11872863769531},"rotation":{"x":0.1347377449274063,"y":-0.5858576893806458,"z":0.09954365342855454,"w":0.7929414510726929},"size":6.431722640991211,"orthographic":false}