{"cameraMode":{"drawMode":0,"name":"Shaded","section":"Shading Mode"},"sceneLighting":false,"audioPlay":false,"sceneViewState":{"showFog":true,"showMaterialUpdate":false,"showSkybox":false,"showFlares":true,"showImageEffects":true,"showParticleSystems":true},"in2DMode":false,"pivot":{"x":0.0,"y":0.41132861375808718,"z":-0.08475136756896973},"rotation":{"x":0.035471051931381229,"y":-0.9484617114067078,"z":0.11466182768344879,"w":0.2933667004108429},"size":0.5853711366653442,"orthographic":false}