{"cameraMode":{"drawMode":0,"name":"Shaded","section":"Shading Mode"},"sceneLighting":true,"audioPlay":false,"sceneViewState":{"showFog":true,"showMaterialUpdate":false,"showSkybox":true,"showFlares":true,"showImageEffects":true,"showParticleSystems":true},"in2DMode":false,"pivot":{"x":-12.95265007019043,"y":33.02919387817383,"z":-19.08987045288086},"rotation":{"x":0.06418032944202423,"y":-0.9345595240592957,"z":0.220098614692688,"w":0.27229437232017519},"size":1.6484519243240357,"orthographic":false}